[
  {
    "value": "Gualaceo",
    "synonyms": [
      "Gualaceo"
    ]
  },
  {
    "value": "Paute",
    "synonyms": [
      "Paute"
    ]
  },
  {
    "value": "Sigsig",
    "synonyms": [
      "Sigsig"
    ]
  },
  {
    "value": "Girón",
    "synonyms": [
      "Girón"
    ]
  },
  {
    "value": "San Fernando",
    "synonyms": [
      "San Fernando"
    ]
  },
  {
    "value": "Santa Isabel",
    "synonyms": [
      "Santa Isabel"
    ]
  },
  {
    "value": "Pucará",
    "synonyms": [
      "Pucará"
    ]
  },
  {
    "value": "Nabón",
    "synonyms": [
      "Nabón"
    ]
  },
  {
    "value": "Isabela",
    "synonyms": [
      "Isabela"
    ]
  },
  {
    "value": "Santa Cruz",
    "synonyms": [
      "Santa Cruz"
    ]
  },
  {
    "value": "Puerto Baquerizo Moreno",
    "synonyms": [
      "Puerto Baquerizo Moreno"
    ]
  },
  {
    "value": "Puerto Ayora",
    "synonyms": [
      "Puerto Ayora"
    ]
  },
  {
    "value": "Biblián",
    "synonyms": [
      "Biblián"
    ]
  },
  {
    "value": "Azogues",
    "synonyms": [
      "Azogues"
    ]
  },
  {
    "value": "La Troncal",
    "synonyms": [
      "La Troncal"
    ]
  },
  {
    "value": "Guaranda",
    "synonyms": [
      "Guaranda"
    ]
  },
  {
    "value": "San Miguel de Bolívar",
    "synonyms": [
      "San Miguel de Bolívar"
    ]
  },
  {
    "value": "Caluma",
    "synonyms": [
      "Caluma"
    ]
  },
  {
    "value": "Chillanes",
    "synonyms": [
      "Chillanes"
    ]
  },
  {
    "value": "Echeandía",
    "synonyms": [
      "Echeandía"
    ]
  },
  {
    "value": "Chimbo",
    "synonyms": [
      "Chimbo"
    ]
  },
  {
    "value": "La Asunción",
    "synonyms": [
      "La Asunción"
    ]
  },
  {
    "value": "La Magdalena",
    "synonyms": [
      "La Magdalena"
    ]
  },
  {
    "value": "Mira",
    "synonyms": [
      "Mira"
    ]
  },
  {
    "value": "Tulcán",
    "synonyms": [
      "Tulcán"
    ]
  },
  {
    "value": "El Angel",
    "synonyms": [
      "El Angel"
    ]
  },
  {
    "value": "Huaca",
    "synonyms": [
      "Huaca"
    ]
  },
  {
    "value": "Julio Andrade",
    "synonyms": [
      "Julio Andrade"
    ]
  },
  {
    "value": "La Paz",
    "synonyms": [
      "La Paz"
    ]
  },
  {
    "value": "San Gabriel",
    "synonyms": [
      "San Gabriel"
    ]
  },
  {
    "value": "Guano",
    "synonyms": [
      "Guano"
    ]
  },
  {
    "value": "Chambo",
    "synonyms": [
      "Chambo"
    ]
  },
  {
    "value": "Colta",
    "synonyms": [
      "Colta"
    ]
  },
  {
    "value": "Penipe",
    "synonyms": [
      "Penipe"
    ]
  },
  {
    "value": "Guamote",
    "synonyms": [
      "Guamote"
    ]
  },
  {
    "value": "Pallatanga",
    "synonyms": [
      "Pallatanga"
    ]
  },
  {
    "value": "Alausí",
    "synonyms": [
      "Alausí"
    ]
  },
  {
    "value": "Chunchi",
    "synonyms": [
      "Chunchi"
    ]
  },
  {
    "value": "Cumandá",
    "synonyms": [
      "Cumandá"
    ]
  },
  {
    "value": "Cajabamba",
    "synonyms": [
      "Cajabamba"
    ]
  },
  {
    "value": "Huigra",
    "synonyms": [
      "Huigra"
    ]
  },
  {
    "value": "San Andrés",
    "synonyms": [
      "San Andrés"
    ]
  },
  {
    "value": "San Juan",
    "synonyms": [
      "San Juan"
    ]
  },
  {
    "value": "Saquisilí",
    "synonyms": [
      "Saquisilí"
    ]
  },
  {
    "value": "Pujilí",
    "synonyms": [
      "Pujilí"
    ]
  },
  {
    "value": "Sigchos",
    "synonyms": [
      "Sigchos"
    ]
  },
  {
    "value": "La Maná",
    "synonyms": [
      "La Maná"
    ]
  },
  {
    "value": "Chantillin",
    "synonyms": [
      "Chantillin"
    ]
  },
  {
    "value": "El Corazón",
    "synonyms": [
      "El Corazón"
    ]
  },
  {
    "value": "Guaytacama",
    "synonyms": [
      "Guaytacama"
    ]
  },
  {
    "value": "Lasso",
    "synonyms": [
      "Lasso"
    ]
  },
  {
    "value": "Pastocalle",
    "synonyms": [
      "Pastocalle"
    ]
  },
  {
    "value": "Poalo",
    "synonyms": [
      "Poalo"
    ]
  },
  {
    "value": "Tanicuchi",
    "synonyms": [
      "Tanicuchi"
    ]
  },
  {
    "value": "Toacaso",
    "synonyms": [
      "Toacaso"
    ]
  },
  {
    "value": "Mulalo",
    "synonyms": [
      "Mulalo"
    ]
  },
  {
    "value": "Machala",
    "synonyms": [
      "Machala"
    ]
  },
  {
    "value": "Arenillas",
    "synonyms": [
      "Arenillas"
    ]
  },
  {
    "value": "Atahualpa",
    "synonyms": [
      "Atahualpa"
    ]
  },
  {
    "value": "Balsas",
    "synonyms": [
      "Balsas"
    ]
  },
  {
    "value": "Chila",
    "synonyms": [
      "Chila"
    ]
  },
  {
    "value": "El Guabo",
    "synonyms": [
      "El Guabo"
    ]
  },
  {
    "value": "Huaquillas",
    "synonyms": [
      "Huaquillas"
    ]
  },
  {
    "value": "Marcabelí",
    "synonyms": [
      "Marcabelí"
    ]
  },
  {
    "value": "Pasaje",
    "synonyms": [
      "Pasaje"
    ]
  },
  {
    "value": "Piñas",
    "synonyms": [
      "Piñas"
    ]
  },
  {
    "value": "Portovelo",
    "synonyms": [
      "Portovelo"
    ]
  },
  {
    "value": "Santa Rosa",
    "synonyms": [
      "Santa Rosa"
    ]
  },
  {
    "value": "Zaruma",
    "synonyms": [
      "Zaruma"
    ]
  },
  {
    "value": "Las Lajas",
    "synonyms": [
      "Las Lajas"
    ]
  },
  {
    "value": "Atacames",
    "synonyms": [
      "Atacames"
    ]
  },
  {
    "value": "Eloy Alfaro",
    "synonyms": [
      "Eloy Alfaro"
    ]
  },
  {
    "value": "Quinindé",
    "synonyms": [
      "Quinindé"
    ]
  },
  {
    "value": "Muisne",
    "synonyms": [
      "Muisne"
    ]
  },
  {
    "value": "Rioverde",
    "synonyms": [
      "Rioverde"
    ]
  },
  {
    "value": "San Lorenzo",
    "synonyms": [
      "San Lorenzo"
    ]
  },
  {
    "value": "Guayaquil",
    "synonyms": [
      "Guayaquil"
    ]
  },
  {
    "value": "Daule",
    "synonyms": [
      "Daule"
    ]
  },
  {
    "value": "Duran",
    "synonyms": [
      "Duran"
    ]
  },
  {
    "value": "El Empalme",
    "synonyms": [
      "El Empalme"
    ]
  },
  {
    "value": "Santa Elena",
    "synonyms": [
      "Santa Elena"
    ]
  },
  {
    "value": "La Libertad",
    "synonyms": [
      "La Libertad"
    ]
  },
  {
    "value": "Salinas",
    "synonyms": [
      "Salinas"
    ]
  },
  {
    "value": "Macara",
    "synonyms": [
      "Macara"
    ]
  },
  {
    "value": "Loja",
    "synonyms": [
      "Loja"
    ]
  },
  {
    "value": "Catamayo",
    "synonyms": [
      "Catamayo"
    ]
  },
  {
    "value": "Cariamanga",
    "synonyms": [
      "Cariamanga"
    ]
  },
  {
    "value": "Celica",
    "synonyms": [
      "Celica"
    ]
  },
  {
    "value": "Macas",
    "synonyms": [
      "Macas"
    ]
  },
  {
    "value": "Gualaquiza",
    "synonyms": [
      "Gualaquiza"
    ]
  },
  {
    "value": "Limon Indanza",
    "synonyms": [
      "Limon Indanza"
    ]
  },
  {
    "value": "Santiago",
    "synonyms": [
      "Santiago"
    ]
  },
  {
    "value": "Sucua",
    "synonyms": [
      "Sucua"
    ]
  },
  {
    "value": "Ibarra",
    "synonyms": [
      "Ibarra"
    ]
  },
  {
    "value": "Ambuqui",
    "synonyms": [
      "Ambuqui"
    ]
  },
  {
    "value": "Atuntaqui",
    "synonyms": [
      "Atuntaqui"
    ]
  },
  {
    "value": "Cotacachi",
    "synonyms": [
      "Cotacachi"
    ]
  },
  {
    "value": "Otavalo",
    "synonyms": [
      "Otavalo"
    ]
  },
  {
    "value": "Babahoyo",
    "synonyms": [
      "Babahoyo"
    ]
  },
  {
    "value": "Buena Fe",
    "synonyms": [
      "Buena Fe"
    ]
  },
  {
    "value": "Puebloviejo",
    "synonyms": [
      "Puebloviejo"
    ]
  },
  {
    "value": "Quevedo",
    "synonyms": [
      "Quevedo"
    ]
  },
  {
    "value": "Ventanas",
    "synonyms": [
      "Ventanas"
    ]
  },
  {
    "value": "Portoviejo",
    "synonyms": [
      "Portoviejo"
    ]
  },
  {
    "value": "Bahia De Caraquez",
    "synonyms": [
      "Bahia De Caraquez"
    ]
  },
  {
    "value": "Chone",
    "synonyms": [
      "Chone"
    ]
  },
  {
    "value": "El Carmen",
    "synonyms": [
      "El Carmen"
    ]
  },
  {
    "value": "Jipijapa",
    "synonyms": [
      "Jipijapa"
    ]
  },
  {
    "value": "Tena",
    "synonyms": [
      "Tena"
    ]
  },
  {
    "value": "Archidona",
    "synonyms": [
      "Archidona"
    ]
  },
  {
    "value": "Baeza",
    "synonyms": [
      "Baeza"
    ]
  },
  {
    "value": "El Chaco",
    "synonyms": [
      "El Chaco"
    ]
  },
  {
    "value": "Carlos Julio Arosemena Tola",
    "synonyms": [
      "Carlos Julio Arosemena Tola"
    ]
  },
  {
    "value": "Francisco De Orellana",
    "synonyms": [
      "Francisco De Orellana"
    ]
  },
  {
    "value": "La Joya De Los Sachas",
    "synonyms": [
      "La Joya De Los Sachas"
    ]
  },
  {
    "value": "Loreto",
    "synonyms": [
      "Loreto"
    ]
  },
  {
    "value": "Nuevo Rocafuerte",
    "synonyms": [
      "Nuevo Rocafuerte"
    ]
  },
  {
    "value": "Mera",
    "synonyms": [
      "Mera"
    ]
  },
  {
    "value": "Palora",
    "synonyms": [
      "Palora"
    ]
  },
  {
    "value": "Shell",
    "synonyms": [
      "Shell"
    ]
  },
  {
    "value": "Arajuno",
    "synonyms": [
      "Arajuno"
    ]
  },
  {
    "value": "Santo Domingo",
    "synonyms": [
      "Santo Domingo"
    ]
  },
  {
    "value": "Alluriquin",
    "synonyms": [
      "Alluriquin"
    ]
  },
  {
    "value": "Luz De América",
    "synonyms": [
      "Luz De América"
    ]
  },
  {
    "value": "Valle Hermoso",
    "synonyms": [
      "Valle Hermoso"
    ]
  },
  {
    "value": "Cayambe",
    "synonyms": [
      "Cayambe"
    ]
  },
  {
    "value": "Conocoto",
    "synonyms": [
      "Conocoto"
    ]
  },
  {
    "value": "Cumbaya",
    "synonyms": [
      "Cumbaya"
    ]
  },
  {
    "value": "Mejía",
    "synonyms": [
      "Mejía"
    ]
  },
  {
    "value": "Pedro Moncayo",
    "synonyms": [
      "Pedro Moncayo"
    ]
  },
  {
    "value": "Pedro Vicente Maldonado",
    "synonyms": [
      "Pedro Vicente Maldonado"
    ]
  },
  {
    "value": "Puerto Quito",
    "synonyms": [
      "Puerto Quito"
    ]
  },
  {
    "value": "Rumiñahui",
    "synonyms": [
      "Rumiñahui"
    ]
  },
  {
    "value": "San Miguel de los Bancos",
    "synonyms": [
      "San Miguel de los Bancos"
    ]
  },
  {
    "value": "Nueva Loja",
    "synonyms": [
      "Nueva Loja"
    ]
  },
  {
    "value": "Gonzalo Pizarro",
    "synonyms": [
      "Gonzalo Pizarro"
    ]
  },
  {
    "value": "Putumayo",
    "synonyms": [
      "Putumayo"
    ]
  },
  {
    "value": "Shushufindi",
    "synonyms": [
      "Shushufindi"
    ]
  },
  {
    "value": "Sucumbios",
    "synonyms": [
      "Sucumbios"
    ]
  },
  {
    "value": "Cevallos",
    "synonyms": [
      "Cevallos"
    ]
  },
  {
    "value": "Mocha",
    "synonyms": [
      "Mocha"
    ]
  },
  {
    "value": "Patate",
    "synonyms": [
      "Patate"
    ]
  },
  {
    "value": "Quero",
    "synonyms": [
      "Quero"
    ]
  },
  {
    "value": "Zamora",
    "synonyms": [
      "Zamora"
    ]
  },
  {
    "value": "Chinchipe",
    "synonyms": [
      "Chinchipe"
    ]
  },
  {
    "value": "Nangaritza",
    "synonyms": [
      "Nangaritza"
    ]
  },
  {
    "value": "Yacuambi",
    "synonyms": [
      "Yacuambi"
    ]
  },
  {
    "value": "Yantzaza",
    "synonyms": [
      "Yantzaza"
    ]
  }
]