[
  {
    "id": "87b2a0db-31af-49d2-ab46-0e52e4fbc77e",
    "data": [
      {
        "text": "Vale",
        "userDefined": false
      }
    ],
    "isTemplate": false,
    "count": 0,
    "lang": "es",
    "updated": 0
  },
  {
    "id": "f5c02c5a-474b-4b39-a793-3312739f8198",
    "data": [
      {
        "text": "Cuesta",
        "userDefined": false
      }
    ],
    "isTemplate": false,
    "count": 0,
    "lang": "es",
    "updated": 0
  },
  {
    "id": "5add2501-65f8-4bbd-8987-f5118dfa7d2e",
    "data": [
      {
        "text": "Costo",
        "userDefined": false
      }
    ],
    "isTemplate": false,
    "count": 0,
    "lang": "es",
    "updated": 0
  },
  {
    "id": "0c539dc7-2428-4db7-ae0a-3f3e6ed077cd",
    "data": [
      {
        "text": "Pago",
        "userDefined": false
      }
    ],
    "isTemplate": false,
    "count": 0,
    "lang": "es",
    "updated": 0
  },
  {
    "id": "d7d56232-8de6-4b50-8827-8318ec2f5318",
    "data": [
      {
        "text": "Venta",
        "userDefined": false
      }
    ],
    "isTemplate": false,
    "count": 0,
    "lang": "es",
    "updated": 0
  },
  {
    "id": "1d47db8e-d984-4fda-89e3-af1e5a203cf9",
    "data": [
      {
        "text": "Como pago",
        "userDefined": false
      }
    ],
    "isTemplate": false,
    "count": 0,
    "lang": "es",
    "updated": 0
  },
  {
    "id": "8cdb4c95-3e08-4a26-87c7-90b3f8d84b16",
    "data": [
      {
        "text": "Cuánto vale",
        "userDefined": false
      }
    ],
    "isTemplate": false,
    "count": 0,
    "lang": "es",
    "updated": 0
  },
  {
    "id": "eaa3238f-39af-436c-bb9a-eef48a280b70",
    "data": [
      {
        "text": "Cuánto cuesta",
        "userDefined": false
      }
    ],
    "isTemplate": false,
    "count": 0,
    "lang": "es",
    "updated": 0
  },
  {
    "id": "85a8d01c-7c8d-4fae-8009-bbf130843f28",
    "data": [
      {
        "text": "Quiero",
        "userDefined": false
      },
      {
        "text": " comprar",
        "userDefined": false
      }
    ],
    "isTemplate": false,
    "count": 0,
    "lang": "es",
    "updated": 0
  },
  {
    "id": "ef7749ca-eef0-48a6-9b0b-57d7529d0396",
    "data": [
      {
        "text": "Comprar",
        "userDefined": false
      }
    ],
    "isTemplate": false,
    "count": 0,
    "lang": "es",
    "updated": 0
  },
  {
    "id": "3b38ba01-f9a7-4f50-bb55-eabb2d4a15d6",
    "data": [
      {
        "text": "Compra",
        "userDefined": false
      }
    ],
    "isTemplate": false,
    "count": 0,
    "lang": "es",
    "updated": 0
  },
  {
    "id": "8ebfc748-1ddc-4305-ba96-dcc33c6a4947",
    "data": [
      {
        "text": "Quiero",
        "userDefined": false
      },
      {
        "text": " hacer ",
        "userDefined": false
      },
      {
        "text": "una",
        "userDefined": false
      },
      {
        "text": " compra",
        "userDefined": false
      }
    ],
    "isTemplate": false,
    "count": 0,
    "lang": "es",
    "updated": 0
  },
  {
    "id": "fa9fd4d2-cb8e-4857-946f-f51adeeae191",
    "data": [
      {
        "text": "Como ",
        "userDefined": false
      },
      {
        "text": "les",
        "userDefined": false
      },
      {
        "text": " compro",
        "userDefined": false
      }
    ],
    "isTemplate": false,
    "count": 0,
    "lang": "es",
    "updated": 0
  },
  {
    "id": "b3272295-73db-4797-9562-6f12ba17636a",
    "data": [
      {
        "text": "Como puedo comprarles",
        "userDefined": false
      }
    ],
    "isTemplate": false,
    "count": 0,
    "lang": "es",
    "updated": 0
  },
  {
    "id": "2ccafa6d-1f43-4cf2-b519-dc82670d5f7f",
    "data": [
      {
        "text": "Como puedo comprarles algo",
        "userDefined": false
      }
    ],
    "isTemplate": false,
    "count": 0,
    "lang": "es",
    "updated": 0
  },
  {
    "id": "6c277803-3adf-4c35-8924-108eae9204a1",
    "data": [
      {
        "text": "y como ",
        "userDefined": false
      },
      {
        "text": "los adquiero",
        "meta": "@sys.location",
        "alias": "location",
        "userDefined": false
      }
    ],
    "isTemplate": false,
    "count": 0,
    "lang": "es",
    "updated": 0
  },
  {
    "id": "987ab964-9866-4d25-adae-f8b384131f6e",
    "data": [
      {
        "text": "y como los adquiero",
        "userDefined": false
      }
    ],
    "isTemplate": false,
    "count": 0,
    "lang": "es",
    "updated": 0
  },
  {
    "id": "ebca8e06-4142-40a0-9010-fe059b63bf92",
    "data": [
      {
        "text": "y como ",
        "userDefined": false
      },
      {
        "text": "los adquiero",
        "userDefined": false
      }
    ],
    "isTemplate": false,
    "count": 0,
    "lang": "es",
    "updated": 0
  },
  {
    "id": "afa8c64d-ca3d-4938-aba1-9a05d5bd89a3",
    "data": [
      {
        "text": "y como los ",
        "userDefined": false
      },
      {
        "text": "adquiero",
        "meta": "@sys.location",
        "alias": "location",
        "userDefined": false
      }
    ],
    "isTemplate": false,
    "count": 1,
    "lang": "es",
    "updated": 0
  },
  {
    "id": "cd5c47fa-ffa4-419c-9eda-8f17ff2de7c1",
    "data": [
      {
        "text": "y como los compro",
        "userDefined": false
      }
    ],
    "isTemplate": false,
    "count": 5,
    "lang": "es",
    "updated": 0
  },
  {
    "id": "7eba97f8-6634-4b05-bcd1-0ede1bf74e9d",
    "data": [
      {
        "text": "y ahi que puedo comprar",
        "userDefined": false
      }
    ],
    "isTemplate": false,
    "count": 5,
    "lang": "es",
    "updated": 0
  },
  {
    "id": "0fed4cdc-e61d-438c-8fb5-beb3ce630de4",
    "data": [
      {
        "text": "quiero comprar cloro",
        "userDefined": false
      }
    ],
    "isTemplate": false,
    "count": 5,
    "lang": "es",
    "updated": 0
  }
]