[
  {
    "id": "ba4620bf-1a1b-4252-889e-6b4314e2ca18",
    "data": [
      {
        "text": "dame tu numero",
        "userDefined": false
      }
    ],
    "isTemplate": false,
    "count": 2,
    "lang": "es",
    "updated": 0
  },
  {
    "id": "022dfda2-190f-4230-b7e8-d5b22a9b1123",
    "data": [
      {
        "text": "tu numero de telefono",
        "userDefined": false
      }
    ],
    "isTemplate": false,
    "count": 0,
    "lang": "es",
    "updated": 0
  },
  {
    "id": "a6751259-b380-4a90-bb33-051a0246f95c",
    "data": [
      {
        "text": "tus contactos",
        "userDefined": false
      }
    ],
    "isTemplate": false,
    "count": 0,
    "lang": "es",
    "updated": 0
  },
  {
    "id": "dce66214-1a2e-4adc-bdde-f946e3f56519",
    "data": [
      {
        "text": "y tus contactos",
        "userDefined": false
      }
    ],
    "isTemplate": false,
    "count": 0,
    "lang": "es",
    "updated": 0
  },
  {
    "id": "a5cc091a-9385-44fb-840c-dc0a759d6315",
    "data": [
      {
        "text": "telefono",
        "userDefined": false
      }
    ],
    "isTemplate": false,
    "count": 0,
    "lang": "es",
    "updated": 0
  },
  {
    "id": "1c1bbb21-a1c6-4ff4-af2a-709663c1134b",
    "data": [
      {
        "text": "Tienen whatsapp",
        "userDefined": false
      }
    ],
    "isTemplate": false,
    "count": 0,
    "lang": "es",
    "updated": 0
  },
  {
    "id": "44c45648-760b-44bc-b8e9-70254d117849",
    "data": [
      {
        "text": "Whatsapp",
        "userDefined": false
      }
    ],
    "isTemplate": false,
    "count": 0,
    "lang": "es",
    "updated": 0
  },
  {
    "id": "5dba7bf3-222c-47dc-b601-b6f23087d21a",
    "data": [
      {
        "text": "Cuál es su whatsapp",
        "userDefined": false
      }
    ],
    "isTemplate": false,
    "count": 0,
    "lang": "es",
    "updated": 0
  },
  {
    "id": "c71ec12c-8543-4c58-8e45-cd835608b768",
    "data": [
      {
        "text": "Llamo",
        "userDefined": false
      }
    ],
    "isTemplate": false,
    "count": 0,
    "lang": "es",
    "updated": 0
  },
  {
    "id": "01c882df-b758-4575-815a-6cd924c0c4f3",
    "data": [
      {
        "text": "Escribo",
        "userDefined": false
      }
    ],
    "isTemplate": false,
    "count": 0,
    "lang": "es",
    "updated": 0
  },
  {
    "id": "3b64d341-3351-4c5c-a443-f4db5240f9fc",
    "data": [
      {
        "text": "Como ",
        "userDefined": false
      },
      {
        "text": "les",
        "userDefined": false
      },
      {
        "text": " llamo",
        "userDefined": false
      }
    ],
    "isTemplate": false,
    "count": 0,
    "lang": "es",
    "updated": 0
  },
  {
    "id": "2d78cbdb-105b-4026-9f65-fd2e9b89197b",
    "data": [
      {
        "text": "Como ",
        "userDefined": false
      },
      {
        "text": "les",
        "userDefined": false
      },
      {
        "text": " escribo",
        "userDefined": false
      }
    ],
    "isTemplate": false,
    "count": 1,
    "lang": "es",
    "updated": 0
  },
  {
    "id": "b2896b08-c8c2-474b-b43c-b3f304db481b",
    "data": [
      {
        "text": "Como me contacto con ustedes",
        "userDefined": false
      }
    ],
    "isTemplate": false,
    "count": 0,
    "lang": "es",
    "updated": 0
  },
  {
    "id": "11490291-0660-4bf3-bacd-bea708f4fbb1",
    "data": [
      {
        "text": "Me podrían dar información",
        "userDefined": false
      }
    ],
    "isTemplate": false,
    "count": 0,
    "lang": "es",
    "updated": 0
  },
  {
    "id": "9f2d12c9-1da5-4931-a2bb-1b81642eb5c0",
    "data": [
      {
        "text": "Contacto",
        "userDefined": false
      }
    ],
    "isTemplate": false,
    "count": 0,
    "lang": "es",
    "updated": 0
  },
  {
    "id": "4f70ae97-91e3-49ae-b867-f43a071fc4ee",
    "data": [
      {
        "text": "Como me comunico con ustedes",
        "userDefined": false
      }
    ],
    "isTemplate": false,
    "count": 0,
    "lang": "es",
    "updated": 0
  },
  {
    "id": "85e7abc7-a53e-4e44-9bdd-89b6bee5ef96",
    "data": [
      {
        "text": "llamo",
        "userDefined": false
      }
    ],
    "isTemplate": false,
    "count": 0,
    "lang": "es",
    "updated": 0
  },
  {
    "id": "b5dbb894-6575-49a7-9462-e01e1df04291",
    "data": [
      {
        "text": "escribo",
        "userDefined": false
      }
    ],
    "isTemplate": false,
    "count": 0,
    "lang": "es",
    "updated": 0
  },
  {
    "id": "823796ef-1a66-4593-abc8-cb5808cd0652",
    "data": [
      {
        "text": "como ",
        "userDefined": false
      },
      {
        "text": "les",
        "userDefined": false
      },
      {
        "text": " llamo",
        "userDefined": false
      }
    ],
    "isTemplate": false,
    "count": 0,
    "lang": "es",
    "updated": 0
  }
]