[
  {
    "id": "03ef46fc-2bc4-4b02-bf43-716b5170fa66",
    "data": [
      {
        "text": "Inicio",
        "userDefined": false
      }
    ],
    "isTemplate": false,
    "count": 3,
    "lang": "es",
    "updated": 0
  },
  {
    "id": "67a85282-b2c1-4921-b1a8-800388ad479b",
    "data": [
      {
        "text": "incio",
        "userDefined": false
      }
    ],
    "isTemplate": false,
    "count": 0,
    "lang": "es",
    "updated": 0
  },
  {
    "id": "37636fa8-2fdc-4d55-80d1-58cf0fa6ed18",
    "data": [
      {
        "text": "inicio",
        "userDefined": false
      }
    ],
    "isTemplate": false,
    "count": 0,
    "lang": "es",
    "updated": 0
  }
]