[
  {
    "id": "5401787a-b643-4fa5-9487-e2accbbae052",
    "data": [
      {
        "text": "ya vete",
        "userDefined": false
      }
    ],
    "isTemplate": false,
    "count": 0,
    "lang": "es",
    "updated": 0
  },
  {
    "id": "7d32b8f2-c16e-46df-90f5-81b9746b7065",
    "data": [
      {
        "text": "no vuelvas",
        "userDefined": false
      }
    ],
    "isTemplate": false,
    "count": 1,
    "lang": "es",
    "updated": 0
  },
  {
    "id": "16671d61-ecc2-481b-9318-12b51597dbdc",
    "data": [
      {
        "text": "ya me voy",
        "userDefined": false
      }
    ],
    "isTemplate": false,
    "count": 0,
    "lang": "es",
    "updated": 0
  },
  {
    "id": "fe09fb3b-6596-4290-b1ec-c764a534f410",
    "data": [
      {
        "text": "hasta luego",
        "userDefined": false
      }
    ],
    "isTemplate": false,
    "count": 0,
    "lang": "es",
    "updated": 0
  },
  {
    "id": "f2c1e379-8038-4232-af54-1d8d1e2fa7d8",
    "data": [
      {
        "text": "Adiós",
        "userDefined": false
      }
    ],
    "isTemplate": false,
    "count": 0,
    "lang": "es",
    "updated": 0
  },
  {
    "id": "4f90050e-d09e-4cf9-b88b-dbdcdf0a1f0c",
    "data": [
      {
        "text": "adios",
        "userDefined": false
      }
    ],
    "isTemplate": false,
    "count": 27,
    "lang": "es",
    "updated": 0
  },
  {
    "id": "ccb1da15-b02f-4959-9e4a-374687b8be20",
    "data": [
      {
        "text": "chao",
        "userDefined": false
      }
    ],
    "isTemplate": false,
    "count": 0,
    "lang": "es",
    "updated": 0
  }
]