[
  {
    "id": "962ad91a-017f-4006-b296-6dc0103e6443",
    "data": [
      {
        "text": "quien ",
        "userDefined": false
      },
      {
        "text": "es",
        "userDefined": false
      },
      {
        "text": " ",
        "userDefined": false
      },
      {
        "text": "monica aguirre",
        "userDefined": false
      }
    ],
    "isTemplate": false,
    "count": 0,
    "lang": "es",
    "updated": 0
  },
  {
    "id": "a494765d-f4b6-4dde-bb16-a925a2449ae3",
    "data": [
      {
        "text": "Quien se ocupa del ",
        "userDefined": false
      },
      {
        "text": "negocio",
        "userDefined": false
      }
    ],
    "isTemplate": false,
    "count": 0,
    "lang": "es",
    "updated": 0
  },
  {
    "id": "69123ce5-de60-4f5b-9262-bef54ddbec26",
    "data": [
      {
        "text": "Quien es la dueña",
        "userDefined": false
      }
    ],
    "isTemplate": false,
    "count": 0,
    "lang": "es",
    "updated": 0
  },
  {
    "id": "40771125-a57e-468e-bfbe-b625d6f33e68",
    "data": [
      {
        "text": "Quien ",
        "userDefined": false
      },
      {
        "text": "es",
        "userDefined": false
      },
      {
        "text": " el dueño",
        "userDefined": false
      }
    ],
    "isTemplate": false,
    "count": 0,
    "lang": "es",
    "updated": 0
  },
  {
    "id": "c5e358ee-90a6-4b79-8e3c-65ea9819d91b",
    "data": [
      {
        "text": "Quien ",
        "userDefined": false
      },
      {
        "text": "es",
        "userDefined": false
      },
      {
        "text": " la jefa",
        "userDefined": false
      }
    ],
    "isTemplate": false,
    "count": 0,
    "lang": "es",
    "updated": 0
  },
  {
    "id": "dc65b7a3-d58d-46cd-a63c-4c0ce7b7489b",
    "data": [
      {
        "text": "Quien ",
        "userDefined": false
      },
      {
        "text": "es",
        "userDefined": false
      },
      {
        "text": " el jefe",
        "userDefined": false
      }
    ],
    "isTemplate": false,
    "count": 0,
    "lang": "es",
    "updated": 0
  },
  {
    "id": "5fb4c03d-57c5-467f-8e31-a42b951afaf8",
    "data": [
      {
        "text": "Cuál ",
        "userDefined": false
      },
      {
        "text": "es",
        "userDefined": false
      },
      {
        "text": " la encargada",
        "userDefined": false
      }
    ],
    "isTemplate": false,
    "count": 0,
    "lang": "es",
    "updated": 0
  },
  {
    "id": "8eddfbb2-f704-464d-94c2-290c3a12bf63",
    "data": [
      {
        "text": "Quien es el encargado",
        "userDefined": false
      }
    ],
    "isTemplate": false,
    "count": 0,
    "lang": "es",
    "updated": 0
  },
  {
    "id": "4e719b8c-3461-43fe-9ce4-7b6ba712d801",
    "data": [
      {
        "text": "Encargada",
        "userDefined": false
      }
    ],
    "isTemplate": false,
    "count": 0,
    "lang": "es",
    "updated": 0
  },
  {
    "id": "4f92462c-0de6-41ac-a190-0f4ee05b2243",
    "data": [
      {
        "text": "Dueña",
        "userDefined": false
      }
    ],
    "isTemplate": false,
    "count": 0,
    "lang": "es",
    "updated": 0
  },
  {
    "id": "6fff9f49-82d4-44df-bf69-d1e792cd20ad",
    "data": [
      {
        "text": "Jefa",
        "userDefined": false
      }
    ],
    "isTemplate": false,
    "count": 0,
    "lang": "es",
    "updated": 0
  },
  {
    "id": "898a1e58-cf3f-4856-9a16-ca2b5312e51d",
    "data": [
      {
        "text": "Quien es ",
        "userDefined": false
      },
      {
        "text": "la",
        "userDefined": false
      },
      {
        "text": " persona encargada del ",
        "userDefined": false
      },
      {
        "text": "negocio",
        "userDefined": false
      }
    ],
    "isTemplate": false,
    "count": 0,
    "lang": "es",
    "updated": 0
  },
  {
    "data": [
      {
        "text": "quien ",
        "userDefined": false
      },
      {
        "text": "es",
        "meta": "@sys.language",
        "alias": "language",
        "userDefined": false
      },
      {
        "text": " ",
        "userDefined": false
      },
      {
        "text": "monica aguirre",
        "meta": "@sys.person",
        "alias": "person",
        "userDefined": false
      }
    ],
    "isTemplate": false,
    "count": 0,
    "lang": "es",
    "updated": 0
  }
]