[
  {
    "id": "30a4b4be-729b-4265-861c-84167bf3c140",
    "data": [
      {
        "text": "como has pasado",
        "userDefined": false
      }
    ],
    "isTemplate": false,
    "count": 3,
    "lang": "es",
    "updated": 0
  },
  {
    "id": "40cd27d1-e04a-409a-9f66-63805aa927ee",
    "data": [
      {
        "text": "que ha sido de tu vida",
        "userDefined": false
      }
    ],
    "isTemplate": false,
    "count": 0,
    "lang": "es",
    "updated": 0
  },
  {
    "id": "b7bcacdf-e8aa-4da7-89f7-c31ab6a64aed",
    "data": [
      {
        "text": "como haz pasado",
        "userDefined": false
      }
    ],
    "isTemplate": false,
    "count": 0,
    "lang": "es",
    "updated": 0
  },
  {
    "id": "325a3771-7421-47a1-b836-6e0fa8902282",
    "data": [
      {
        "text": "como haz estado",
        "userDefined": false
      }
    ],
    "isTemplate": false,
    "count": 0,
    "lang": "es",
    "updated": 0
  },
  {
    "id": "a359b4b7-9a14-4a9a-b9fd-184b15093197",
    "data": [
      {
        "text": "como estas",
        "userDefined": false
      }
    ],
    "isTemplate": false,
    "count": 0,
    "lang": "es",
    "updated": 0
  }
]