[
  {
    "id": "9a034173-1fb4-48dc-8729-e40cdafa3820",
    "data": [
      {
        "text": "Hi",
        "userDefined": false
      }
    ],
    "isTemplate": false,
    "count": 0,
    "lang": "es",
    "updated": 0
  },
  {
    "id": "7516410d-6e6d-43f6-9d61-365ef32af5f5",
    "data": [
      {
        "text": "Hello",
        "userDefined": false
      }
    ],
    "isTemplate": false,
    "count": 0,
    "lang": "es",
    "updated": 0
  },
  {
    "id": "36156f17-650d-457f-b795-5158586bf013",
    "data": [
      {
        "text": "Buenas noches",
        "userDefined": false
      }
    ],
    "isTemplate": false,
    "count": 0,
    "lang": "es",
    "updated": 0
  },
  {
    "id": "56d4a0d2-7a4c-4916-a3a5-dc0aa0d16b34",
    "data": [
      {
        "text": "Buenas ",
        "userDefined": false
      },
      {
        "text": "tardes",
        "userDefined": false
      }
    ],
    "isTemplate": false,
    "count": 0,
    "lang": "es",
    "updated": 0
  },
  {
    "id": "8bd637df-52d1-44fa-823a-8ed6814a02fa",
    "data": [
      {
        "text": "Buenos días",
        "userDefined": false
      }
    ],
    "isTemplate": false,
    "count": 0,
    "lang": "es",
    "updated": 0
  },
  {
    "id": "676fd6ca-6427-4ed9-91ed-a8e4404cb545",
    "data": [
      {
        "text": "¿Qué hubo?",
        "userDefined": false
      }
    ],
    "isTemplate": false,
    "count": 0,
    "lang": "es",
    "updated": 0
  },
  {
    "id": "06405beb-24d2-4924-ae90-0f9ec49b8910",
    "data": [
      {
        "text": "Que hubo",
        "userDefined": false
      }
    ],
    "isTemplate": false,
    "count": 0,
    "lang": "es",
    "updated": 0
  },
  {
    "id": "263db634-564d-48d7-9f91-9574485af90a",
    "data": [
      {
        "text": "Háblame",
        "userDefined": false
      }
    ],
    "isTemplate": false,
    "count": 0,
    "lang": "es",
    "updated": 0
  },
  {
    "id": "1e5d437b-e10a-4bc4-962e-51435a648c83",
    "data": [
      {
        "text": "Salúdame",
        "userDefined": false
      }
    ],
    "isTemplate": false,
    "count": 0,
    "lang": "es",
    "updated": 0
  },
  {
    "id": "7f165486-1d6e-4a4a-862a-689beee7c24d",
    "data": [
      {
        "text": "Hey",
        "userDefined": false
      }
    ],
    "isTemplate": false,
    "count": 0,
    "lang": "es",
    "updated": 0
  },
  {
    "id": "d2c0169b-03f3-4503-8ae5-c071cc32fc97",
    "data": [
      {
        "text": "Hola",
        "userDefined": false
      }
    ],
    "isTemplate": false,
    "count": 1,
    "lang": "es",
    "updated": 0
  },
  {
    "id": "2afd2a9d-ec36-4805-a803-350df7c140a2",
    "data": [
      {
        "text": "Hablar con ",
        "userDefined": false
      },
      {
        "text": "VET",
        "userDefined": false
      }
    ],
    "isTemplate": false,
    "count": 3,
    "lang": "es",
    "updated": 0
  },
  {
    "id": "22cfc604-7f56-4e8f-a466-a054ea243067",
    "data": [
      {
        "text": "hola",
        "userDefined": false
      }
    ],
    "isTemplate": false,
    "count": 1,
    "lang": "es",
    "updated": 0
  },
  {
    "id": "0a7883ff-28e3-4100-adf1-29a0bd2f6cc4",
    "data": [
      {
        "text": "podemos hablar",
        "userDefined": false
      }
    ],
    "isTemplate": false,
    "count": 5,
    "lang": "es",
    "updated": 0
  }
]