[
  {
    "id": "6fd3f5a5-2568-459a-90cf-2da553cf8fc3",
    "data": [
      {
        "text": "sin ganas",
        "userDefined": false
      }
    ],
    "isTemplate": false,
    "count": 0,
    "lang": "es",
    "updated": 0
  },
  {
    "id": "970ca0ef-82c0-499c-8c87-b9821550cbbf",
    "data": [
      {
        "text": "aburrido",
        "userDefined": false
      }
    ],
    "isTemplate": false,
    "count": 0,
    "lang": "es",
    "updated": 0
  },
  {
    "id": "ecfda991-55a7-46c5-b454-50018daf8f15",
    "data": [
      {
        "text": "no he estado bien",
        "userDefined": false
      }
    ],
    "isTemplate": false,
    "count": 0,
    "lang": "es",
    "updated": 0
  },
  {
    "id": "d012a81f-337d-4310-9f0a-02cde7752576",
    "data": [
      {
        "text": "muy mal",
        "userDefined": false
      }
    ],
    "isTemplate": false,
    "count": 0,
    "lang": "es",
    "updated": 0
  },
  {
    "id": "9fc205a6-c85a-4dd5-ae9e-71e8063a919f",
    "data": [
      {
        "text": "mal",
        "userDefined": false
      }
    ],
    "isTemplate": false,
    "count": 0,
    "lang": "es",
    "updated": 0
  }
]