[
  {
    "id": "69316ec4-b41e-48cb-9c72-8f4bd7c626ec",
    "data": [
      {
        "text": "donde trabajan",
        "userDefined": false
      }
    ],
    "isTemplate": false,
    "count": 12,
    "lang": "es",
    "updated": 0
  },
  {
    "id": "4c098f8d-076a-416f-a4b5-41f0b3e3d5ef",
    "data": [
      {
        "text": "En qué ciudad están",
        "userDefined": false
      }
    ],
    "isTemplate": false,
    "count": 0,
    "lang": "es",
    "updated": 0
  },
  {
    "id": "ba236104-0e41-4708-8cbd-645c61a6ac4e",
    "data": [
      {
        "text": "Ciudad",
        "userDefined": false
      }
    ],
    "isTemplate": false,
    "count": 0,
    "lang": "es",
    "updated": 0
  },
  {
    "id": "2fac1a75-715e-45ae-aa31-97ff3940aacc",
    "data": [
      {
        "text": "Pueden hacer ",
        "userDefined": false
      },
      {
        "text": "una",
        "userDefined": false
      },
      {
        "text": " entrega en ",
        "userDefined": false
      },
      {
        "text": "mi",
        "userDefined": false
      },
      {
        "text": " ciudad",
        "userDefined": false
      }
    ],
    "isTemplate": false,
    "count": 0,
    "lang": "es",
    "updated": 0
  },
  {
    "id": "a5f91488-ccb0-4386-99af-711b525cbf6b",
    "data": [
      {
        "text": "Donde están",
        "userDefined": false
      }
    ],
    "isTemplate": false,
    "count": 0,
    "lang": "es",
    "updated": 0
  },
  {
    "id": "4c69e630-4fb5-4b57-87a5-357770a3ddc0",
    "data": [
      {
        "text": "En que ciudades trabajan",
        "userDefined": false
      }
    ],
    "isTemplate": false,
    "count": 0,
    "lang": "es",
    "updated": 0
  },
  {
    "id": "db59e4d2-7cd2-4899-aeb1-e8d0f123a264",
    "data": [
      {
        "text": "y donde trabajan",
        "userDefined": false
      }
    ],
    "isTemplate": false,
    "count": 11,
    "lang": "es",
    "updated": 0
  },
  {
    "id": "4115ed61-9d1b-4ca9-a7f3-b5a32e2965f3",
    "data": [
      {
        "text": "y en que ciudades si estan",
        "userDefined": false
      }
    ],
    "isTemplate": false,
    "count": 5,
    "lang": "es",
    "updated": 0
  }
]