[
  {
    "id": "9ebaf94a-5634-4073-bb36-7f09fcb3224b",
    "data": [
      {
        "text": "Instagram",
        "userDefined": false
      }
    ],
    "isTemplate": false,
    "count": 0,
    "lang": "es",
    "updated": 0
  },
  {
    "id": "46e33c51-23e7-4094-a28b-32d96bd28246",
    "data": [
      {
        "text": "Facebook",
        "userDefined": false
      }
    ],
    "isTemplate": false,
    "count": 0,
    "lang": "es",
    "updated": 0
  },
  {
    "id": "a1461c68-705d-496d-877d-e59a19cef0fa",
    "data": [
      {
        "text": "Tienen Instagram",
        "userDefined": false
      }
    ],
    "isTemplate": false,
    "count": 0,
    "lang": "es",
    "updated": 0
  },
  {
    "id": "2f905c0a-e4ca-4f91-b982-49761914a2a2",
    "data": [
      {
        "text": "Tienen ",
        "userDefined": false
      },
      {
        "text": "Facebook",
        "userDefined": false
      }
    ],
    "isTemplate": false,
    "count": 0,
    "lang": "es",
    "updated": 0
  },
  {
    "id": "5acda17f-3405-4c29-bcdf-31da0d4c0f2d",
    "data": [
      {
        "text": "Sociales",
        "userDefined": false
      }
    ],
    "isTemplate": false,
    "count": 0,
    "lang": "es",
    "updated": 0
  },
  {
    "id": "af209194-4315-4711-8420-53a7a48a097d",
    "data": [
      {
        "text": "Redes",
        "userDefined": false
      }
    ],
    "isTemplate": false,
    "count": 0,
    "lang": "es",
    "updated": 0
  },
  {
    "id": "44f6465f-68dc-4c11-8d5c-e1e92114c896",
    "data": [
      {
        "text": "Que redes tienen",
        "userDefined": false
      }
    ],
    "isTemplate": false,
    "count": 0,
    "lang": "es",
    "updated": 0
  },
  {
    "id": "9068a65c-54c7-4e51-ae65-c4331406c039",
    "data": [
      {
        "text": "redes sociales",
        "userDefined": false
      }
    ],
    "isTemplate": false,
    "count": 0,
    "lang": "es",
    "updated": 0
  }
]