[
  {
    "id": "90402ca2-070a-402c-8d26-e63848e9e04d",
    "data": [
      {
        "text": "ubicación",
        "userDefined": false
      }
    ],
    "isTemplate": false,
    "count": 0,
    "lang": "es",
    "updated": 0
  },
  {
    "id": "7c08af14-c45c-4317-b5de-61d36bef828c",
    "data": [
      {
        "text": "ubicacion",
        "userDefined": false
      }
    ],
    "isTemplate": false,
    "count": 0,
    "lang": "es",
    "updated": 0
  },
  {
    "id": "e908b83f-c6ba-4334-9468-f66822fd4556",
    "data": [
      {
        "text": "Fabrica",
        "userDefined": false
      }
    ],
    "isTemplate": false,
    "count": 0,
    "lang": "es",
    "updated": 0
  },
  {
    "id": "7fc9cf02-7165-4ea8-bb93-116d8e73b90c",
    "data": [
      {
        "text": "Donde está su ",
        "userDefined": false
      },
      {
        "text": "fabrica",
        "userDefined": false
      }
    ],
    "isTemplate": false,
    "count": 0,
    "lang": "es",
    "updated": 0
  },
  {
    "id": "e5950393-6fb9-4100-b65d-7e6369be588f",
    "data": [
      {
        "text": "Ubican",
        "userDefined": false
      }
    ],
    "isTemplate": false,
    "count": 0,
    "lang": "es",
    "updated": 0
  },
  {
    "id": "f3891ae4-66b0-4991-92eb-018b3c62ec45",
    "data": [
      {
        "text": "Me puedes decir ",
        "userDefined": false
      },
      {
        "text": "el sitio",
        "userDefined": false
      },
      {
        "text": " donde se ubican",
        "userDefined": false
      }
    ],
    "isTemplate": false,
    "count": 0,
    "lang": "es",
    "updated": 0
  },
  {
    "id": "2e046052-d2e0-4a0d-b330-bcaaffcf5775",
    "data": [
      {
        "text": "En qué lugar están",
        "userDefined": false
      }
    ],
    "isTemplate": false,
    "count": 0,
    "lang": "es",
    "updated": 0
  },
  {
    "id": "49dec591-cce6-4890-aa9e-4aed7bc5a177",
    "data": [
      {
        "text": "Lugar",
        "userDefined": false
      }
    ],
    "isTemplate": false,
    "count": 0,
    "lang": "es",
    "updated": 0
  },
  {
    "id": "e9ae86b8-2b72-41e0-beea-f0f2680754a2",
    "data": [
      {
        "text": "En que sitio están",
        "userDefined": false
      }
    ],
    "isTemplate": false,
    "count": 0,
    "lang": "es",
    "updated": 0
  },
  {
    "id": "375a8e44-b878-40c0-80b5-f3d8bbe2d3f9",
    "data": [
      {
        "text": "Sitio",
        "userDefined": false
      }
    ],
    "isTemplate": false,
    "count": 0,
    "lang": "es",
    "updated": 0
  },
  {
    "id": "2f6f9ba5-e1a4-4abf-8646-5c7f74f6dc9e",
    "data": [
      {
        "text": "dirección",
        "userDefined": false
      }
    ],
    "isTemplate": false,
    "count": 0,
    "lang": "es",
    "updated": 0
  },
  {
    "id": "b491a253-82ed-497b-854e-b0e6b845bed0",
    "data": [
      {
        "text": "Donde se ubican",
        "userDefined": false
      }
    ],
    "isTemplate": false,
    "count": 0,
    "lang": "es",
    "updated": 0
  },
  {
    "id": "c9c5f80b-8a1f-4915-8b0e-97029b661b16",
    "data": [
      {
        "text": "Donde están",
        "userDefined": false
      }
    ],
    "isTemplate": false,
    "count": 0,
    "lang": "es",
    "updated": 0
  }
]